{
    "cumulative_timesteps": 47228708,
    "cumulative_model_updates": 8478,
    "policy_average_reward": 320.8024918716942,
    "epoch": 941,
    "ts_since_last_save": 500280,
    "reward_running_stats": {
        "mean": [
            14.535556888856604
        ],
        "var": [
            49362348.94958036
        ],
        "shape": [
            1
        ],
        "count": 141600
    },
    "obs_running_stats": {
        "mean": [
            -8.399272921507156e-14,
            -9.268164223650778e-14,
            0.1672793683007014,
            -2.3170405562956045e-14,
            -2.3170418632409723e-14,
            -0.0343566688975425,
            3.861676781366269e-15,
            -9.653878882097434e-16,
            0.0018810184891992592,
            0.5160410043004541,
            -0.4787527204168627,
            -0.11256837681972522,
            -0.14658271309435514,
            0.3630207887403512,
            0.7112317715795337,
            0.7370570998167646,
            0.7985981961356515,
            0.9858694941727371,
            0.987089002083308,
            0.9871961460266591,
            0.9702519004410926,
            0.9707972655221271,
            0.9835382972474165,
            0.9837853409338028,
            0.9813416855436552,
            0.9866686968500603,
            0.9871659040719605,
            0.9811777748174147,
            0.9816005311578108,
            0.9810294670352034,
            0.9780715452609029,
            0.9810824318212747,
            0.9653407188156108,
            0.9779177031558076,
            0.9779177034088663,
            0.9653407185624702,
            0.9810824320745253,
            0.978071545513888,
            0.9810294675413935,
            0.9816005324231392,
            0.9811777720332202,
            0.9871659033125659,
            0.986668697103031,
            0.9813416847843329,
            0.983785340174474,
            0.9835382969943726,
            0.970797265522144,
            0.9702519004410758,
            0.9871961460266698,
            0.987089002083313,
            0.9858694979693257,
            0.0010165050010719923,
            0.0018540665825831784,
            0.10534700935910826,
            0.01257155171210642,
            0.02167785334685354,
            0.008441107852278036,
            -0.00930927249571963,
            3.5559511598999014e-05,
            0.3401801279330749,
            -0.00018359908455546766,
            0.009668239198459177,
            -0.013545564274418744,
            0.0006681659865376349,
            -0.005864282349814133,
            -0.044334126202672595,
            0.09803850633915595,
            0.14159540093083633,
            0.2605657029167284,
            0.00026767372854981,
            -0.0010165044988261248,
            -0.0018540655701820901,
            0.10534700951730222,
            -0.01257155205221401,
            -0.021677856510608398,
            0.00844110792741722,
            0.009309272392896166,
            -3.555933363786815e-05,
            0.3401801242630805,
            0.00018359910284596216,
            -0.009668238439156165,
            -0.013545564145892615,
            -0.0006681659180722592,
            0.005864282389362034,
            -0.04433412627386131,
            0.09803850649733778,
            0.14159539903258703,
            0.2605657021574204,
            0.00026767372854981077
        ],
        "var": [
            2133236.849914635,
            1542968.2342818824,
            255318.25675353737,
            322131.0270454962,
            335442.36712040624,
            257191.24586378867,
            2085115.4389877976,
            2067807.8004484393,
            888039.699232322,
            1897878.286490274,
            2039337.652509895,
            3266898.815361619,
            3260168.0307605937,
            2512496.0508065675,
            1385710.6348999352,
            1307599.0306525582,
            1085184.6991862832,
            93990.83498588772,
            85986.30951065311,
            85280.89425994008,
            194739.23283230336,
            191277.15207159915,
            109239.62875175795,
            107626.12496797308,
            123539.10579051585,
            88745.90084475571,
            85477.68514478517,
            124604.57690862898,
            121857.83809404603,
            125566.87246072233,
            144707.63873085383,
            125222.44389626163,
            225743.0053384462,
            145699.90651348897,
            145699.9063171645,
            225743.0053263747,
            125222.44385902892,
            144707.63887583895,
            125566.87243615587,
            121857.83830586102,
            124604.57802055017,
            85477.68502505086,
            88745.90085529885,
            123539.10555249623,
            107626.12482078216,
            109239.62875528377,
            191277.1520944869,
            194739.23284755874,
            85280.89425993878,
            85986.30951065526,
            93990.83450747367,
            2161753.8911918774,
            1654765.9203768263,
            180382.07105724636,
            2759218.1456423067,
            2927123.2597904857,
            1055960.8604986612,
            1603417.9588810476,
            1506220.729784417,
            2856014.332995317,
            732221.016598536,
            865572.8781484127,
            137167.97207962163,
            1593422.5483989303,
            1657306.0941617577,
            714538.0870935825,
            304664.42251815187,
            820074.3116838414,
            1299956.551642058,
            1805.5165812462044,
            2161753.897643525,
            1654765.9207257968,
            180382.0709805035,
            2759218.131819534,
            2927123.3052305533,
            1055960.8641652898,
            1603417.9720653894,
            1506220.7298045927,
            2856014.305572744,
            732221.0115940965,
            865572.8780911209,
            137167.97196303023,
            1593422.5449823476,
            1657306.073655673,
            714538.0891234991,
            304664.4226576353,
            820074.313213518,
            1299956.549938547,
            1805.516581246209
        ],
        "shape": [
            89
        ],
        "count": 6747020
    }
}