{
    "cumulative_timesteps": 45727828,
    "cumulative_model_updates": 8208,
    "policy_average_reward": 271.06564622822793,
    "epoch": 911,
    "ts_since_last_save": 500360,
    "reward_running_stats": {
        "mean": [
            14.34821455009179
        ],
        "var": [
            46849292.564994715
        ],
        "shape": [
            1
        ],
        "count": 137100
    },
    "obs_running_stats": {
        "mean": [
            -8.674952115046292e-14,
            -9.572362215316825e-14,
            0.16735221926842567,
            -2.3930902060824767e-14,
            -2.3930913161588588e-14,
            -0.0344004692384748,
            3.988475072471396e-15,
            -9.971271987426522e-16,
            0.0019636200240650352,
            0.5149032739407708,
            -0.47704672827494254,
            -0.11361504327337911,
            -0.14369556397568745,
            0.3588072612718917,
            0.7082915410633046,
            0.7341629856874402,
            0.7981812166428982,
            0.985782584011352,
            0.9871041150542139,
            0.9871912016096513,
            0.9702666955240747,
            0.9708944064029374,
            0.9835512190987558,
            0.9837638154603855,
            0.9813258317653335,
            0.9866922109854487,
            0.9871719071604632,
            0.9811773598306471,
            0.9815515358846343,
            0.9810581676837088,
            0.9780452580816223,
            0.9811206778589505,
            0.9654142934434642,
            0.9779913782590797,
            0.9779913785204645,
            0.9654142931820527,
            0.9811206781205103,
            0.9780452583429357,
            0.9810581682065073,
            0.9815515371915302,
            0.9811773569550815,
            0.9871719063761268,
            0.9866922112467074,
            0.9813258309810781,
            0.9837638146761516,
            0.9835512188374025,
            0.9708944064029637,
            0.9702666955240699,
            0.9871912016096603,
            0.9871041150542182,
            0.9857825879325604,
            0.0010276591763457897,
            0.001628528539561916,
            0.10548672756419959,
            0.013241425591711785,
            0.02211431065609042,
            0.007364703968674714,
            -0.009418792364061759,
            0.00011067778404198028,
            0.34090136615388794,
            -0.000177132454155321,
            0.00988136509765531,
            -0.013554134203624349,
            0.0005816182456442176,
            -0.006202489923349078,
            -0.04342012577980242,
            0.09847038097904813,
            0.14116398871451719,
            0.260076528224756,
            0.00027064229171567763,
            -0.0010276586576153637,
            -0.0016285274939319273,
            0.105486727727585,
            -0.013241425942982457,
            -0.022114313923684896,
            0.007364704046279858,
            0.009418792257863665,
            -0.0001106776002398433,
            0.34090136236344265,
            0.00017713247304613358,
            -0.00988136431343065,
            -0.013554134070879522,
            -0.0005816181749316631,
            0.006202489964194905,
            -0.04342012585332675,
            0.09847038114241845,
            0.14116398675396427,
            0.2600765274405102,
            0.0002706422917156784
        ],
        "var": [
            2061537.0169766361,
            1491599.5569093605,
            247297.8084074929,
            311758.74720002466,
            324679.05740458675,
            249313.44438494497,
            2016342.1677710875,
            1998413.2514880241,
            858511.8992373153,
            1839061.2696779708,
            1978153.7881237448,
            3145030.4107086663,
            3148670.462276246,
            2438376.5343263857,
            1349732.3951068847,
            1274954.0823456873,
            1052324.4677551787,
            91555.55235308685,
            83157.59851519363,
            82602.21739237393,
            188459.72551502174,
            184601.00405205163,
            105686.50984285517,
            104341.93397926935,
            119712.8832233493,
            85776.09892106976,
            82723.00817074966,
            120647.43591563232,
            118293.6314256359,
            121396.1434842574,
            140273.20447828044,
            121002.61987497451,
            218121.85264467078,
            140609.68031591474,
            140609.68011933754,
            218121.85263285253,
            121002.61983761215,
            140273.20462336935,
            121396.14345949308,
            118293.6316382858,
            120647.43702753766,
            82723.008051079,
            85776.0989315307,
            119712.88298516693,
            104341.93383185715,
            105686.5098464258,
            184601.00407494014,
            188459.72553027823,
            82602.21739237265,
            83157.59851519561,
            91555.55187912521,
            2092450.909821009,
            1602629.8769612252,
            174742.24916273385,
            2670401.077946555,
            2832386.9250786765,
            1025125.5076767826,
            1552616.5090527167,
            1458405.8297865256,
            2761827.128870366,
            709699.4680518282,
            838180.1256884162,
            133162.7525312889,
            1539191.197770602,
            1600385.829216973,
            690540.8982912368,
            295854.7524930949,
            791991.9988689196,
            1257113.7013632788,
            1767.521504428217,
            2092450.916272856,
            1602629.8773072148,
            174742.2490856906,
            2670401.0641208063,
            2832386.9705000147,
            1025125.5113445487,
            1552616.522237205,
            1458405.8298068577,
            2761827.10148356,
            709699.4630473669,
            838180.125633305,
            133162.75241472686,
            1539191.1943538461,
            1600385.8087107479,
            690540.9003220524,
            295854.75263164355,
            791992.0003875253,
            1257113.6996547584,
            1767.5215044282202
        ],
        "shape": [
            89
        ],
        "count": 6532608
    }
}