{
    "cumulative_timesteps": 46728428,
    "cumulative_model_updates": 8388,
    "policy_average_reward": 289.5830664931905,
    "epoch": 931,
    "ts_since_last_save": 500300,
    "reward_running_stats": {
        "mean": [
            14.451887767266584
        ],
        "var": [
            48148949.942914404
        ],
        "shape": [
            1
        ],
        "count": 140100
    },
    "obs_running_stats": {
        "mean": [
            -8.489194958274188e-14,
            -9.367388635648396e-14,
            0.16733887463840183,
            -2.3418468134814752e-14,
            -2.3418479670675574e-14,
            -0.03437121926020573,
            3.903029015878008e-15,
            -9.757531031771881e-16,
            0.0019821491955649604,
            0.5156918756650387,
            -0.4782151199250361,
            -0.11307218890088008,
            -0.14571716268462626,
            0.36167803141751187,
            0.7103162386395161,
            0.7361042193373172,
            0.7984488775296948,
            0.9858503378557164,
            0.9871028251800185,
            0.9872042253831272,
            0.9702803569374119,
            0.9708195766317298,
            0.9835150055447437,
            0.983767390470056,
            0.9813494043933464,
            0.9866915022190246,
            0.9871760564656873,
            0.981164115004802,
            0.9816065271804243,
            0.9810359404998823,
            0.9780363147955752,
            0.9810747918893851,
            0.9653882011050597,
            0.9778871172820337,
            0.9778871175378014,
            0.9653882008492092,
            0.9810747921453457,
            0.9780363150512665,
            0.9810359410114837,
            0.981606528459311,
            0.981164112190815,
            0.9871760556981461,
            0.9866915024747046,
            0.9813494036258927,
            0.9837673897025985,
            0.9835150052889937,
            0.9708195766317486,
            0.9702803569373959,
            0.9872042253831399,
            0.9871028251800243,
            0.985850341692935,
            0.0009886632812509486,
            0.0017436454913318479,
            0.10540438901457128,
            0.012929907964077265,
            0.021820321868850044,
            0.008100281972345537,
            -0.009339507629068386,
            7.703237279463513e-05,
            0.34037979865532414,
            -0.000154589599101937,
            0.009729131097253355,
            -0.01355180661737471,
            0.0005407247144485146,
            -0.005935433175782879,
            -0.04405965897907398,
            0.09817134035048508,
            0.14146845114656886,
            0.2604073803774225,
            0.00027053942505431133,
            -0.0009886627736280696,
            -0.0017436444680920267,
            0.10540438917445624,
            -0.01292990830782606,
            -0.02182032506647503,
            0.00810028204828876,
            0.009339507525143948,
            -7.703219292826538e-05,
            0.3403797949460419,
            0.0001545896175882423,
            -0.00972913032982119,
            -0.013551806487472456,
            -0.0005407246452501421,
            0.005935433215754187,
            -0.044059659051023534,
            0.098171340510359,
            0.14146844922799287,
            0.2604073796099784,
            0.0002705394250543121
        ],
        "var": [
            2108450.670364276,
            1525587.389689095,
            252707.47381263066,
            318772.1805915666,
            331816.1926001643,
            254640.40225162305,
            2061871.6528999049,
            2045038.912985594,
            878200.1890978451,
            1878319.7926985447,
            2018936.174033014,
            3226129.7188415914,
            3222826.949986896,
            2487629.528168839,
            1373608.8254906547,
            1296758.031942018,
            1074284.9761947144,
            93119.48864751654,
            84985.60428357204,
            84324.99132384968,
            192497.77505811348,
            189110.79548816,
            108232.87298136161,
            106602.02685725069,
            122180.90857614086,
            87657.65799949724,
            84506.19584424759,
            123372.4623951312,
            120528.50560546305,
            124195.2317482614,
            143399.68195150982,
            123945.09045241696,
            223056.81428901022,
            144351.73263423686,
            144351.7324380156,
            223056.8142771025,
            123945.09041520975,
            143399.68209661325,
            124195.23172364943,
            120528.50581717631,
            123372.46350653913,
            84506.19572461776,
            87657.65800996278,
            122180.9083382006,
            106602.02670987455,
            108232.87298480909,
            189110.7955110482,
            192497.77507336895,
            84324.99132384823,
            84985.60428357427,
            93119.48817008492,
            2138072.3328706855,
            1637181.48092039,
            178528.4226836784,
            2729649.8812797433,
            2895490.9596869056,
            1045678.6573859303,
            1586472.1060158554,
            1490251.6140450311,
            2824827.030123112,
            724697.1975959081,
            856406.5597116494,
            135836.87578807582,
            1575217.6443629172,
            1638378.3705869284,
            706504.4743486323,
            301706.7738012766,
            810780.0772833744,
            1285680.4461555395,
            1805.511405798318,
            2138072.3393222345,
            1637181.4812678627,
            178528.42260681107,
            2729649.8674553004,
            2895491.0051208115,
            1045678.6610529491,
            1586472.1192002583,
            1490251.614065297,
            2824827.002710466,
            724697.1925914672,
            856406.5596549783,
            135836.87567150107,
            1575217.6409461584,
            1638378.3500807832,
            706504.4763788168,
            301706.77394047077,
            810780.0788097924,
            1285680.4444504296,
            1805.5114057983226
        ],
        "shape": [
            89
        ],
        "count": 6675552
    }
}