{
    "cumulative_timesteps": 47729076,
    "cumulative_model_updates": 8568,
    "policy_average_reward": 337.6624923927004,
    "epoch": 951,
    "ts_since_last_save": 500368,
    "reward_running_stats": {
        "mean": [
            14.557123725488953
        ],
        "var": [
            49840752.403784655
        ],
        "shape": [
            1
        ],
        "count": 143100
    },
    "obs_running_stats": {
        "mean": [
            -8.311218907379198e-14,
            -9.171000935304894e-14,
            0.16723288961960767,
            -2.2927499663160135e-14,
            -2.292751032386387e-14,
            -0.03432110779904714,
            3.821185363939512e-15,
            -9.552322344874052e-16,
            0.0019974976419433843,
            0.5163647541740938,
            -0.47928534593429467,
            -0.11197512126509825,
            -0.14751215833424075,
            0.36429361518606773,
            0.7121749010974198,
            0.7380090221584998,
            0.7987543306859965,
            0.9858810915613635,
            0.9870884013579632,
            0.9871911955389542,
            0.9701589846734734,
            0.9707636026832767,
            0.9835274026896617,
            0.9837898956379595,
            0.9813419397980373,
            0.9866946480357894,
            0.9871750566460606,
            0.9811828272908888,
            0.98161156449502,
            0.9810454605242956,
            0.978073230352681,
            0.9810821774558078,
            0.9653488605947969,
            0.9779205610772412,
            0.9779205613276506,
            0.9653488603443061,
            0.9810821777064045,
            0.9780732306030127,
            0.9810454610251875,
            0.9816115657470725,
            0.981182824535879,
            0.9871750558946311,
            0.9866946482861029,
            0.981341939046672,
            0.9837898948865876,
            0.9835274024392758,
            0.970763602683293,
            0.970158984673456,
            0.9871911955389671,
            0.9870884013579689,
            0.985881095318146,
            0.0009959839356209845,
            0.002000647581568681,
            0.10528772351001194,
            0.012491681803209073,
            0.021484347416397463,
            0.00880968540747568,
            -0.009238980729335631,
            3.5398892836829143e-05,
            0.33990820377956876,
            -0.00020587461920088554,
            0.00960003016592069,
            -0.013543075646639913,
            0.0006421548559988055,
            -0.005787321529848436,
            -0.04463073541767067,
            0.09787914333650913,
            0.1417579700040254,
            0.2607169447032822,
            0.00026838739652787453,
            -0.0009959834386404518,
            -0.002000646579781124,
            0.10528772366654851,
            -0.012491682139751376,
            -0.021484350546984988,
            0.008809685481827437,
            0.009238980627590137,
            -3.5398716741359794e-05,
            0.33990820014805084,
            0.00020587463729962894,
            -0.009600029414577953,
            -0.013543075519460943,
            -0.0006421547882512005,
            0.005787321568981659,
            -0.044630735488114116,
            0.09787914349303237,
            0.14175796812567557,
            0.26071694395193495,
            0.00026838739652787513
        ],
        "var": [
            2157090.661614661,
            1560253.6482924463,
            257962.17484527637,
            325716.34649045416,
            339089.57604176574,
            259789.01065335484,
            2108094.6585251605,
            2091060.776538781,
            897614.7738032298,
            1917198.1532496728,
            2059410.5499749216,
            3307545.870462075,
            3297108.3186986106,
            2536911.192028776,
            1397668.875249163,
            1318369.0190162335,
            1096045.8572301294,
            94909.79596330873,
            86901.28812907047,
            86217.31104247361,
            197398.22241125556,
            193519.77870161843,
            110468.81150190838,
            108736.33825775221,
            124846.28526190648,
            89513.91011174858,
            86322.51235702072,
            125891.54922866962,
            123076.40612997927,
            126792.28322968118,
            146229.76998951402,
            126550.79669803794,
            228082.98420833144,
            147224.91046906143,
            147224.91027272743,
            228082.98419628642,
            126550.79666080677,
            146229.77013449348,
            126792.28320500458,
            123076.40634160658,
            125891.5503407805,
            86322.51223738046,
            89513.91012220278,
            124846.28502388914,
            108736.338110608,
            110468.81150539492,
            193519.77872450624,
            197398.2224265113,
            86217.31104247262,
            86901.28812907232,
            94909.79548430096,
            2185239.764093276,
            1672440.5408834156,
            182183.21107722973,
            2788434.3531536493,
            2958835.952526127,
            1066491.223156301,
            1620629.9096096514,
            1522040.9249454092,
            2887455.7675817916,
            739700.9767767175,
            874480.232449197,
            138503.14068686377,
            1611312.4367990757,
            1676249.0015046075,
            722504.0242718018,
            307545.83060972946,
            829557.0598039996,
            1314222.7492457523,
            1829.508851064322,
            2185239.7705447786,
            1672440.5412344083,
            182183.2110006144,
            2788434.339331226,
            2958835.9979745,
            1066491.226822541,
            1620629.9227938864,
            1522040.924965606,
            2887455.7401457517,
            739700.9717722626,
            874480.2323911891,
            138503.14057026504,
            1611312.433382477,
            1676248.9809985762,
            722504.0263014364,
            307545.83074954187,
            829557.0613378595,
            1314222.7475437876,
            1829.5088510643266
        ],
        "shape": [
            89
        ],
        "count": 6818502
    }
}