{
    "cumulative_timesteps": 46228128,
    "cumulative_model_updates": 8298,
    "policy_average_reward": 371.15394385962236,
    "epoch": 921,
    "ts_since_last_save": 500300,
    "reward_running_stats": {
        "mean": [
            14.405862312739073
        ],
        "var": [
            47381933.059733845
        ],
        "shape": [
            1
        ],
        "count": 138600
    },
    "obs_running_stats": {
        "mean": [
            -8.581068769717313e-14,
            -9.468766365209229e-14,
            0.1673223178695236,
            -2.3671912780490092e-14,
            -2.367192341803277e-14,
            -0.034389763201146416,
            3.94524293436001e-15,
            -9.86337812174535e-16,
            0.001968273387005276,
            0.5152777673490945,
            -0.4776728572339641,
            -0.11341362241721405,
            -0.14473428655542955,
            0.3602348188586968,
            0.7093169657972842,
            0.7351307061098065,
            0.7983411771648872,
            0.985815616190813,
            0.987088472404346,
            0.9871955126474499,
            0.9702580794469716,
            0.970862946303363,
            0.9835441972680894,
            0.9837878055667278,
            0.9813431968111895,
            0.986692231320828,
            0.9871917205866135,
            0.981161959008457,
            0.9815678210639929,
            0.9810767638605148,
            0.9780528517683101,
            0.9810981679729465,
            0.9654160968163876,
            0.977960336874521,
            0.9779603371330821,
            0.9654160965578039,
            0.9810981682316763,
            0.9780528520267945,
            0.9810767643776528,
            0.9815678223567352,
            0.9811619561640124,
            0.9871917198107685,
            0.9866922315792632,
            0.9813431960354292,
            0.9837878047909652,
            0.9835441970095667,
            0.9708629463033851,
            0.9702580794469615,
            0.9871955126474625,
            0.9870884724043515,
            0.9858156200695537,
            0.0009314068733485452,
            0.0017179115032774975,
            0.10544401489054905,
            0.013138627875812879,
            0.021908853847090223,
            0.007748622248686818,
            -0.00934880129205686,
            6.818421123241351e-05,
            0.34063106853612624,
            -0.00019751104767696902,
            0.009810512777823514,
            -0.013562864728136791,
            0.0005461612022937803,
            -0.006041554119426544,
            -0.04375677861667535,
            0.09831898963448622,
            0.14131612608998892,
            0.260234886447963,
            0.00026998461557100283,
            -0.0009314063602319959,
            -0.001717910468963751,
            0.10544401505216705,
            -0.013138628223281915,
            -0.021908857079321144,
            0.0077486223254520405,
            0.009348801187007958,
            -6.818402941945817e-05,
            0.340631064786702,
            0.0001975110663633409,
            -0.00981051200208572,
            -0.013562864596828612,
            -0.0005461611323465142,
            0.0060415541598304034,
            -0.04375677868940383,
            0.09831898979608915,
            0.14131612415064868,
            0.26023488567220754,
            0.00026998461557100364
        ],
        "var": [
            2085116.544015228,
            1509013.538227422,
            249960.3515655782,
            315194.2478371438,
            328182.26261949725,
            251935.57824357098,
            2039055.717451381,
            2021906.9852234428,
            868157.1092849681,
            1858788.0412944253,
            1998482.2996345658,
            3185541.428402469,
            3185595.247674072,
            2463069.519162133,
            1361671.516852519,
            1285903.8974202063,
            1063207.5850434117,
            92345.30113810883,
            84168.0464037479,
            83478.2205375722,
            190575.15509182794,
            186816.35679351861,
            106887.6463320708,
            105330.23386217402,
            120912.24030312923,
            86714.44500090255,
            83500.60124611338,
            122065.28357090193,
            119484.2726911342,
            122606.15006340404,
            141759.95585974367,
            122469.52875910379,
            220497.18368765368,
            142344.03086021479,
            142344.03066374312,
            220497.18367583986,
            122469.52872181544,
            141759.95600480566,
            122606.15003851324,
            119484.27290350581,
            122065.28468222891,
            83500.60112664475,
            86714.4450113642,
            120912.2400651252,
            105330.23371500833,
            106887.64633561896,
            186816.35681640764,
            190575.15510708335,
            83478.22053757086,
            84168.04640375015,
            92345.30066245575,
            2115128.027186286,
            1619976.2592607131,
            176614.92071654004,
            2700097.9228319786,
            2863862.19231374,
            1035413.3581875169,
            1569486.0535495325,
            1474419.0340327537,
            2793329.31670912,
            717122.1884815571,
            847197.4191263199,
            134524.64889875732,
            1557261.5060079629,
            1619305.8117559154,
            698514.6763390568,
            298763.9215037968,
            801377.9413943593,
            1271369.2024639945,
            1782.5186174304083,
            2115128.0336375167,
            1619976.2596078736,
            176614.92063959013,
            2700097.909006628,
            2863862.2377438615,
            1035413.3618548934,
            1569486.066733932,
            1474419.0340529825,
            2793329.289308979,
            717122.1834771024,
            847197.4190704739,
            134524.64878220696,
            1557261.5025911827,
            1619305.7912497346,
            698514.6783695434,
            298763.9216426684,
            801377.9429168709,
            1271369.2007570972,
            1782.5186174304126
        ],
        "shape": [
            89
        ],
        "count": 6604080
    }
}