{
    "cumulative_timesteps": 48229260,
    "cumulative_model_updates": 8604,
    "policy_average_reward": 116.24237503568452,
    "epoch": 955,
    "ts_since_last_save": 500184,
    "reward_running_stats": {
        "mean": [
            14.533064118026191
        ],
        "var": [
            50092321.84269779
        ],
        "shape": [
            1
        ],
        "count": 143850
    },
    "obs_running_stats": {
        "mean": [
            -8.225025529498315e-14,
            -9.075890195063898e-14,
            0.16732706510908107,
            -2.2689724663787856e-14,
            -2.2689734211106486e-14,
            -0.03433368435109004,
            3.78161874767248e-15,
            -9.452633713822714e-16,
            0.0020795383541776747,
            0.5171323085386039,
            -0.48037073170241434,
            -0.11118361064027794,
            -0.14816986159788753,
            0.36639583675850246,
            0.713326179076123,
            0.7390151683995747,
            0.7990463221087473,
            0.9858981965303312,
            0.9871185300509939,
            0.9872058894374316,
            0.9701880501579485,
            0.9707919131011989,
            0.9835629664825541,
            0.9837852913701045,
            0.9813897184824926,
            0.9867011387331495,
            0.9871730818152261,
            0.981224854011926,
            0.9816443553097518,
            0.9810678667143636,
            0.9781212357968926,
            0.981103767447394,
            0.9653838336069691,
            0.9779374935843275,
            0.9779374938321421,
            0.9653838333590816,
            0.9811037676953958,
            0.978121236044633,
            0.9810678672100639,
            0.9816443565488023,
            0.981224851285485,
            0.987173081071578,
            0.9867011389808739,
            0.9813897177389176,
            0.9837852906265262,
            0.9835629662347655,
            0.9707919131012198,
            0.970188050157931,
            0.9872058894374431,
            0.9871185300509989,
            0.9858982002481553,
            0.0008783802620968835,
            0.0020374379838329682,
            0.10532361630426056,
            0.01236039160266844,
            0.02145420254456332,
            0.009230625564363184,
            -0.009199311219463283,
            7.355198629871649e-05,
            0.33937245636431385,
            -0.00022945070426613125,
            0.009593072689547111,
            -0.013557837281449374,
            0.0006499901540214501,
            -0.005778144265902797,
            -0.04483183884540174,
            0.09777433771614455,
            0.14201672724591916,
            0.2612382443216133,
            0.00027199012591663904,
            -0.0008783797702703751,
            -0.0020374369924347126,
            0.10532361645917537,
            -0.012360391935720612,
            -0.021454205642684715,
            0.009230625637943739,
            0.009199311118772667,
            -7.355181202948913e-05,
            0.33937245277045386,
            0.0002294507221771759,
            -0.009593071945996196,
            -0.01355783715558915,
            -0.0006499900869764205,
            0.005778144304630286,
            -0.04483183891511529,
            0.09777433787104656,
            0.14201672538704815,
            0.26123824357805603,
            0.0002719901259166396
        ],
        "var": [
            2180198.6862340397,
            1577396.6165490125,
            260809.41801040637,
            329291.7548542093,
            342870.61178605363,
            262741.99388602475,
            2130809.67915735,
            2112909.2487502713,
            907067.263605912,
            1938763.0397428994,
            2081492.7973671143,
            3352728.2972480934,
            3339064.500749991,
            2562627.6763539584,
            1408940.4626892116,
            1328877.8953868244,
            1106329.1310199548,
            95789.87794845749,
            87609.73034073866,
            87022.1799554125,
            199278.53970801077,
            195364.10222249958,
            111389.48665632622,
            109906.53385106959,
            125837.67894448694,
            90408.45019618029,
            87240.41063027058,
            126932.13368514243,
            124148.54655285434,
            127972.46048081561,
            147445.90502160095,
            127733.84944943516,
            230248.8801102827,
            148656.22631409232,
            148656.22611769923,
            230248.88009834968,
            127733.84941212904,
            147445.9051664165,
            127972.46045598651,
            124148.54676392197,
            126932.13479883228,
            87240.41051061024,
            90408.45020661234,
            125837.67870696091,
            109906.53370387842,
            111389.48665993442,
            195364.10224538704,
            199278.53972326693,
            87022.17995541105,
            87609.73034074104,
            95789.87746856737,
            2208038.42964657,
            1689496.5150665357,
            184255.44877782036,
            2817498.2407718445,
            2990198.707717557,
            1077447.9811750224,
            1638067.929612706,
            1538307.0388482355,
            2919456.3353342423,
            746788.4446072403,
            882669.4295814427,
            139906.22978636608,
            1629166.648385123,
            1694827.3079458156,
            731613.6647136825,
            310517.8298980172,
            839527.2477499348,
            1329712.0604038108,
            1873.490290504002,
            2208038.436097285,
            1689496.5154180329,
            184255.44870112886,
            2817498.2269500582,
            2990198.753167147,
            1077447.9848408543,
            1638067.94279692,
            1538307.0388684939,
            2919456.307871749,
            746788.4396027749,
            882669.4295233573,
            139906.22966979112,
            1629166.6449685358,
            1694827.2874397906,
            731613.6667431238,
            310517.8300380475,
            839527.2492904279,
            1329712.0587071846,
            1873.4902905040076
        ],
        "shape": [
            89
        ],
        "count": 6889956
    }
}